{"cameraMode":{"drawMode":0,"name":"Shaded","section":"Shading Mode"},"sceneLighting":true,"audioPlay":false,"sceneViewState":{"m_AlwaysRefresh":false,"showFog":true,"showSkybox":true,"showFlares":true,"showImageEffects":true,"showParticleSystems":true,"showVisualEffectGraphs":true,"m_FxEnabled":true},"in2DMode":false,"pivot":{"x":2.3531417846679689,"y":0.5233333110809326,"z":-50.2788200378418},"rotation":{"x":-0.5536394119262695,"y":-0.013241692446172238,"z":0.008804661221802235,"w":-0.8326089978218079},"size":1.0925260782241822,"orthographic":false}